Country,Search_Keywords,Search_Location,Job_Title,Job_Detail_Link,Company_Name,Short_Description,Location,Post_Time,Rating
US,ForkLift Operator, California,Class C delivery driver,https://www.indeed.com/pagead/clk?mo=r&ad=-6NYlbfkN0D4scV1KenQsp-DoMbRxkEXhazoDD516gBSx8R4aTWMaxOQglXkbr6QayXF3NNPhkx_rZwApDT_trrK2paZtUigEH-P-5gNmWiAWZaiCEsjybf6njk4fyhvbV2IlJvverenN-YjPlb4WjQID4BKfV_UulZGe0HJoR7o0B_J6SRV_Zi6JSoKriUVQcjidG5rTE9cWypPiCuZbF2ZYfKKLdfg8syqqeMXBcII0rVguhsI8wlbdwkPM2OXfvPgOIPRYQ8n6swfYDR0b399fMFrZDcGfpZwl4kzr8qgyUvPk4WEyHM8jI2T_RfSpHrnPkHKJjrOR2zb0XKBixYifHPacEiPab0Ra2sipg9Trw2aOznDPqLOpziv9w46aYg_Rnap8tDXS7DjqIgc4QeMh8dT6bpeRNJ6Gukd6hGlRwyoeGEGPoaTvJUjORUcb1IQHkID3Dsu3qyBQSHLdiQ7IvXsKuwHeCFsUnh4e_9HFx3hboJRJfzOKMdblg3ndl2yO7oLML7i6VQfmRnta6ewxCTYikmstzWXbUbDHgNvuspOkQEH1Y_PZ0BYMg1MsmT14Kgdb141Hmmb-aR6l966sHVOr08dra9lJDxiAs0=&xkcb=SoBt-_M3T9YzWH3RhJ0KbzkdCdPP&p=0&fvj=0&vjs=3,"Premium Transport Staffing, Inc."," 
 You will be loading and offloading your truck, must have good communication skills and great customer service .
 Monday through Friday 8am start time.
","Paso Robles, CA 93446","Posted
Posted 4 days ago",4.0
US,ForkLift Operator, California,Forklift Operator,https://www.indeed.com/pagead/clk?mo=r&ad=-6NYlbfkN0AWk3AdykuYTl0sscDOxnH4Lx1X7zpTWCwWO8bm1Hah7FhD8hcmyuEdox3GO0aPhwbqYRYeoQzMXdco9uzaKFji_XSNtl3x2Gbi5nkEtvSlDx7cxX5lVsPvpTRf-UbG8f8YgGz1zLuRyNrLNxCFQOK9Z8RApxrintaxesuBEInxuw5VwCGMMRXCZY-UEdGqo_gLCxt2Mplrjv09Yi9CgYD27CJ3mJUeWcbAsW4oz0xYW8S8UA9XSgnB4S_3NPjHXocHUWlGybGFBW4CBJtr6sXYzGmP-hLr9vJdw1nbrbXtmdV_gReDJP_ruXTmp_Y075J50a1IZ6fENePSIobAJyr6CuynyOyw1Gl2lReIv8bW7edmJRfjMdWzzz6DT0sx0QyOVFE_H2VlKew-5SqTklTh8RqINIb_saXf6tpbiQbDhfKYIHNlbM_k0kkefzLEOPuPQ2kQ6gNa7wEHHQP1TkyFRDDn1E2yFU374KW4SkAWg5EdcwzOIIjxkH5N0ED1mHLIw6k01xiHDIsIGlrkyP1CuN1o-Z2gqFHdiQDaZ3kwSRltxb3j1Xsdl7FrKk-K2YqNTFU5js3teU7jLOyWpwt-xIyrwS8VQ4H2RM3hqRT3ws4x0XGbx3tYN_paGlAa0r6WdkDQUNdoxLkSFs1wH19P02aXwOPk5kZEeSja_mi5fA==&xkcb=SoB--_M3T9YzWH3RhJ0ObzkdCdPP&p=1&fvj=0&vjs=3,Nestlé Purina Pet Care," 
 Nestlé offers performance-based incentives and a competitive total rewards package, which includes a 401k with company match, healthcare coverage, and a broad…
","Maricopa, CA","Posted
Posted 30+ days ago",3.6
US,ForkLift Operator, California,Distribution Supervisor,https://www.indeed.com/pagead/clk?mo=r&ad=-6NYlbfkN0AP-ESulsXctDy390mggBNp56ydeE8YxvnEcdxfLF20WJ_94Livh_O4i07_3RQHJN970PmRgfcBQv4NUEVO6C_deLTROFCR3Xk9x-zEXybOMQMYt8cTwB0UmVZRHjPSJ21bpVUDUCPXRmv9CCbgDqJuyxLESXBCTRIS7r4X86NP5R6tp-ZkJgCfgx3CspoNoLCSMSWyYuv4Skm5veOFITB4PhfDrfEg0PMyAw7RMpx6i4DKS3npJlTbRrDqtrEykCz7qizH8ADgLtN0uFJd8AYaT3_-YTLV_BbjvaID3Pi-zUbjLKaI1YLwR7g5imI-9QLl4CVtNTQ-1hiVipM6EfBJxCfdKiUgu9PQB4di9CC6ffVq-8xvmk00Grl2rVBbSn2fqVpAZxVW1qZ1vtkYGtMb9n2QBsKnc8z565m8OMEolXUZLMz6pe1OTTShyNBJMquA3ZmOY1i-TUFz7R27G8b8ku1zs18RdIWeOzY_mOrTrQqAtPQlXiLG9-4HtBp1HGFu9gdrhbeQQYV6wJAhR7jPXIHOF0H3_mGtrRiSunYjywztFgG5ysjT_kJa_5gd7fDjeVm65EvBc45AkggyJxuedAG-ukYICtiSrs8Hp1BMNQ==&xkcb=SoCX-_M3T9YzWH3RhJ0BbzkdCdPP&p=2&fvj=0&vjs=3,Kubota Tractor Corp," 
 Provide training and development for new warehouse employees and/or temporary workers with applicable DC procedures and practices.
","Lodi, CA 95240","Posted
Posted 30+ days ago",3.3
US,ForkLift Operator, California,Driver II Class A,https://www.indeed.com/pagead/clk?mo=r&ad=-6NYlbfkN0BnCayJpNoXAHBFRZvEu9zkXaHBTso8-yLkpkfJhf3-c335KhrFDFHxojzThh8LXWioFqlUEKj-z0Z_pGF_QMFib_l_4ywI03cWffwPNHdNQwBNUzhg73MenDmyt7U75-UThRYmCxeCsKJ0XZG9xAIvdG6m2da7b0g1_ppHL7y2GBC5JcCFOtgVcteWXR1NGbv673N-2UaMythrEUw-VSwS6CKhxMP8wjtgcCgnX0i2LPdDgRqhcruMlz1k9SjW5b4EXct1yJwjzoGJ3AhtAVTosJbluCH-3hdHvwQtbFdKLYFrEPaJ0d7ef-o453UP3GEKYzB2bLnLOyDrrAK8igzcK3N2w09bT0GoeYcDrQ7ixSWLJPo8Bc9QZ6jxjTS8h_DnOdQaHuvF41zF_Hr1xk5_DYR-HW5kWnd9fTFWSLGJQy8bGFkkmGb9IebWQq_UvBnOUYSryraCpUJsDUa12NxLKU_bFCZGEs3CNUfczH41Fw8qhLZgQNspyEyayhcoAy0kWC1nowWQWlLQ615GIRdC7rD_nFoPn2ZL-7vKT2y29RiWDhvVyKTn9q9m_8Nid6-6tjfWkM2ZGon1J1lwjdWKpW4PtA5kzxJnN5ctUKkiyccwNR2arWRmuyLFZiTmad8oeL3jyGMjjDysGPew3-akO3V0Zu6WzaujIXRrZHl3EU8d9vOx_ZXQYFGJzWN6Y1IFXMgkGwivePYDYRt_0i-aG6fSkWSFQARTJyNdzHAjTgPRpFditRbIWzJi1T5O-cWJJnVcWZOUiSJosij5BO0Y7sFW71t8VSg=&xkcb=SoCt-_M3T9YzWH3RhJ0HbzkdCdPP&p=3&fvj=0&vjs=3,Klinger Moving Company," 
 Ability to speak and communicate well in English with customers and coworkers verbally and using a variety of technology including email, text, and phone calls.
","San Leandro, CA 94577
+5 locations","Posted
Posted 30+ days ago",3.7
US,ForkLift Operator, California,Forklift Operator/Warehouseman,https://www.indeed.com/pagead/clk?mo=r&ad=-6NYlbfkN0DqeeiqOFzTgrAxkf47X9gmIE7u71gNxC-DkeaLEn7lTc4kxCwLjNrEreTvZV9N7tjX2VcWvF3V4XmygLvyYMatTtrvD37jdgIQIohJvZ9TkX5kZw4Hu8OaDqMgeC_hFQ-m6HyxGWwSJZstx06LOBiWv0nl_2eE77DpOQx5d7BmLrOweU9fp5AstMhH17g58HnJlN-n6GhGJ2wLNZm147vaIbo7PSaa7FUg7tN-f0I8qRNEjb5Vezlf1mzW24d_l-M1yWejtwgXyThxgxPbf0m_2l0Hw1yPIdrxeRQmuOA354XwZqZ2HQ64NbxrOH-1QWIMwGOsn_OfXLDw7kVx3LOvJAVI4ikRwXX4YtfeD_o149fVDG-dobFMBpQPOrrcaWKa3W8Zuklx8tPVJgLQirFJoS8fYzW1gaVaJAZbsZjmR3ptGHhYzDE1kgCbN_Xsy92H893Ru0aO4EWe3NhYSangYwhMxvRlyfRlvHvMZois5pBCZquDl8LK5K75Hb3eleoF2SOpjmhT3l0PFhPYOjsHSFrBE4EYE8SCuP7t1GCb047hPxskS1M1EVIyXC2NXQmVOwzRZq6shZM1bJrVx522pNEjpPGMeeHjDL3oU0t98JbIrlNyY2EvOJHZO8DbuGG4q9HqemqJr5W7RzVM8lyZRRbBcuYy838KsoOCFRok1Q_6co-mtFFh1ZkluZFpBjXa9ANSimMLL4tGQqxhh_HcUpVo2jqAwUaRsdjZMygMQ0FcnZy3_0oG&xkcb=SoBX-_M3T9YzWGXRhJ0LbzkdCdPP&p=4&fvj=0&vjs=3,Wagner Logistics," 
 401k retirement plan with company match.
 Responsible for placing unsafe or out of service material handling equipment in proper location and notifying Warehouse…
","Tracy, CA 95376","Posted
Posted 19 days ago",2.9
US,ForkLift Operator, California,Warehouse Worker (Waste Sorting) | 1st shift,https://www.indeed.com/rc/clk?jk=63bd7d95fd32e0f2&fccid=af17ea0d1d6bbbba&vjs=3,IKEA," 
 Ability to lift 50 pounds as well as sit, stand, and walk for up to 10 hours at a time with or without reasonable accommodation.
","California
+1 location","Posted
Posted 1 day ago",3.8
US,ForkLift Operator, California,Counter Sales Associate (AED),https://www.indeed.com/pagead/clk?mo=r&ad=-6NYlbfkN0BtiBFi5YjP9ZVgmQsnln4xr0GV7s8VhvV0dPSb0dDBpZtQVEUUVJAZPMMPWQa3YZ58QbymYDIaZ2ENUSAA0s5RB9wp2yelU0N4pfcflkB7a0-JBdSq-rI-WvffFhXESyJWSoR67ePxa6ki1397ISpmFh_8Q03Bx_2j2Q-9_JDtDcREYos5lqffEo3xkw4jgDuSFnWSzgggpeHifp9ZebdK-C8tSSKQlVsXn0eOGpOqq1GOJxg-XuNJpACRryAfMlwAo5-DYIqrHaqb1W5Kpw6eCps5Poxlv_PKP0Rp9ra_0J3Jq1yR4jZtBA5720MiplzysI8Nvm8PPjU7W8SiDsP8LppsVI6S0XoQjQV_VPZJ9D8x7l2uLLodbhc9U_XbtHwP90prPlWJ0fGTlfM9vNQt0nXdjceYqk5tUOoT6JwP0x7dGxhWV3ASGGKVRDamxo54sJ7Sfm2cfbtUhZeQHzfPYFzEcir8_YY-HyeluZjtrJwivOqHekgX4ITeNV_zXcEBSdIkaIM_zUMYYX8I4ARLINd75VycQcMhmSJy7qjoEb6H1Z_T-kwNLoxy-f-wZo2eBf7QMoH-oQ==&xkcb=SoDw-_M3T9YzWGXRhJ0ObzkdCdPP&p=6&fvj=0&vjs=3,Alameda Electrical Distributors & California...," 
 Assist customers (in person or over the phone) during the sales process; up sell complementary products.
 We offer a competitive pay, benefits package, and a…
","San Jose, CA 95131 
(North Valley area)
+1 location","Posted
Posted 1 day ago",3.7
US,ForkLift Operator, California,General Warehouse Worker - Perishable Facility,https://www.indeed.com/pagead/clk?mo=r&ad=-6NYlbfkN0AB1TZHiMBInZZwYClguAyJXALlOIkH6PkalfOGBMTSbz3JiRUKkMMi9F4HFP_W4exd_PALcaiBROLm9P9p22CdXN8Lm-kWxPys24u7n5OMERVd_TXMnz0U6FUnN_xsxVHnBJFIDdxkX-z_o97RlmGcs7fdQzCIGXQlh3vNsjTygYMub6IJ99teO91NlYBgCWmnqX6zBTZfsoGvIW8S3aCXVeRCX4p9BTj4q8lvqL4ZJNGAUXLy70JT5SCR4C9mH2EHeQy5ESPpXZCJ7VJwBKOEOhtt9hoV0N-YSOxjdtzGpXcEWBZqhjwtqZ_SpOggUPSpvZdL--7op3TM44Xs7OTqzts6qvJGC0qB_7tRTW_FRmdh8MmpZ7G5Tdh2Y12mem-0LAFb_0SjH5KdpFlftAFtPwca2sr9oSwigATN1Rm2hTZNn_chqyxTEF9flKTGnBIy15MUor-V-sOzX4YcgASrfpvX2Tir8iVyQ1vuAKMNZYzEFbJK1k568JyM_RVqHjL44g3GBU-BJ6zYTX70LLJ9zJyTQQ_xQ1xu_ouuzmBVeg==&xkcb=SoBt-_M3T9YzWGXRhJ0NbzkdCdPP&p=7&fvj=1&vjs=3,Dollar General Fresh Distribution," 
 Dollar General offers weekly pay, Health, Dental, Vision, 401K, Paid Time off plus tuition-free degree and secondary education programs to you and your…
","West Sacramento, CA 95691 
(PSIP area)
+3 locations",Hiring ongoing,3.0
US,ForkLift Operator, California,Materials Handler,https://www.indeed.com/pagead/clk?mo=r&ad=-6NYlbfkN0DDjOucZdj8r_GSFwtkIXpH6BM8CB2Do4vmokboDJJqeBF_lz7Lgo8t1EUpfqoQrWci5pJUsKMBjTiVIHIZj94SPZPeGNlQ00tCUx7dKzkBLs8bCldL74Ctz4ORgx0OZ719Emal4hWrs9D-I0GnXAf9QQhld9QupPGwwQ8Jqbsy99wHHTvOJ7iLpEY5_z1IYrbwAm4Ce5aWlHZz5kWsayH25KEqRR8awt7IiqmiyYsrCT_b3h4dOE0JZyz6N09N2C1O25-oxePIYLkMTc_FqGBazKwxz7r71EEL5YYWoFc95OJtEV4K03X_xgxkJEB4LeEuUg2WKvY4lc3d_8chl3mzTWq67TuFVxJ2koQtVK1ZfR5NpXlaxgzAXD3SDxpk06AKaz0dTmXJ-CGtED6BOSlSK8xZqRorH0qspEAJByQqmRWmwRx_bb60ORFAq9eXYMJPomrpDjy7Uy0jwHUNjg1tAzKR7FVzsD5mIVYMM-6ecaBW317e9kOBoMB7hDSDSexlSyxz-22LCrqZbaJjjWIk8ZayttYnSZq-JLe8Jyn_a6qIj7nkwYhKDrLu9avEHh8=&xkcb=SoAw-_M3T9YzWGXRhJ0DbzkdCdPP&p=8&fvj=0&vjs=3,O2 Employment Services," 
 401k, up to a 4% match available after probationary period.
 After a conditional job offer, you must participate in a background check.
","Redding, CA","Posted
Posted 13 days ago",4.3
US,ForkLift Operator, California,Material Handler,https://www.indeed.com/pagead/clk?mo=r&ad=-6NYlbfkN0AqPHVWv_hPdw52VRceTamdpjoawUr7h4_qPHCI9s_MsXhxjlcw1Ltm1AdbrLSX_DfJcePDgHym0F1i915laXbSKxgs1fT8Su7tEJbQJlSufBF_Kihpxeom0CcI0ia-MbA9GjBB-ojUnt0y8uCxmh50CKrniQqI7P0aSfnHJ2AzzjME_FfW6oX656-X_W06jM9zx4PaBIqRWV0-buLJUUDfSzptJ4eBCiRjSGcB6E71v_njxdzXNWeT59I4GEyZ7dlRUF0cVMPusC9uFzus8FEdwsx63ooppmn6lV6gc4FIdfAjRnSZusYQ9vS-xTGh7GFo6uIPy54x84l-8ao3zlAqq57YVEfAXf3HxWJH979MkW0tr17782A7fkL5L7zcjsggNh7_AMHFaRjbpXyAnMpq5gUgrQWnXHAtb8k7Qoz67k-hA_QqChNVTpQ35bmSniPd3a62-jF1tEFyf1bnZ5hRV2PwGJFJGAvcXH0jhb_XDrAnCHwWbrZYdR70sBIrJB3xar_Pk41Lyz9F4-kOv63JOcPudqYAxtRKc7OS46epLHnRyvpNQ44L&xkcb=SoAS-_M3T9YzWG3RhJ0LbzkdCdPP&p=9&fvj=1&vjs=3,Benchmark," 
 Restock shelves with incoming material from various sources and locate the material in the computerized system.
 May be required to operate a forklift.
","Santa Ana, CA 92705","Employer
Active 2 days ago",3.4
US,ForkLift Operator, California,Forklift (Stand Up) Operator (2nd & 3rd shift),https://www.indeed.com/pagead/clk?mo=r&ad=-6NYlbfkN0D-_pUDldO7TXgGlDcvu6vbMAnPUVxtMn9cLjMRefhzwB2LdzBQTK7u5eSbMAqb7mHVS_1KPByRIPWwcut8_P_nDBLOlQnIoakVNRsVumc9UrhBnZd1CDyX3gBIu_nUjAIY2_OWsKBEwUPUYnstZjAqeM_KpmzIWy7TXeExgZz3H8gXc7VERb90HU-Dpes0jizg2q9Ka8Mr03Tf5v2k7np9OW_RRmxhfv_evSrDR2FQauaLM4zDEHS6NqKvGN99D8psfnz6tVjGXWRvKvQv2nvQcuDKsuNOm2HyxQgbTLNl_VDd6rJp6tWa30X0kJtLMLxbXcthCe2UKzy02NmzT2_TBFcpLx9pTnXTelz_dxjMler8IuBUbgvdP6Qlh6U5hnWOA34K-kx0o4M1wFwZWeMVRuh211awjZ5JgHenLRcGsYkTc13q3fJr8qRoNqCV6W8oh0mt-YBa1bG0bQyg_OkIpN9yS_1rgcT6yyTthRv9jKOqi5qux3T1EUiML8u9sEJGxZEOL7hzJChvPF5COdjgSEjL6AaJ6dThEkke4QDi6pgRE6qzuArMcFJj2FkWw88ECE6x0tgoForlchO3rwpKDAXCU9Eqs7dXy07w5aFXhXeeLOgT0TafkSKmUOpbNLj1bpbgdgnvHhMiChlv7mlfGSuajJRK8UMWP8VYsT3LFph3jWLU5qo5MjlSeUq-4WA=&xkcb=SoA7-_M3T9YzWG3RhJ0JbzkdCdPP&p=10&fvj=0&vjs=3,HapiGig," 
 HapiGig connects great warehouse workers that want extra hours and flexibility to great employers that need flex labor.
 Perform cycle counts as required.
","San Bernardino, CA 92407
+2 locations","Posted
Posted 1 day ago",5.0
US,ForkLift Operator, California,Assist Branch Manager,https://www.indeed.com/pagead/clk?mo=r&ad=-6NYlbfkN0CD-2pYIqslw8kU_9A7oqvkO6t0TMP2pd90NsJck6SYAyhiUgKPR9vin-Jh6RjTXrYAtObyZdWtyASFcI1CX7g1sWyS2eH534wLVrZZy7NeobZMQGsts0oWIQAU89HN3i8oq58IRKLRPMPqo-JrUR22gbKvsRB_72F9ZfClHbFpYPMwAbAYIIWYyDy3m3v3w9-I8iF-crkmc4nqSmnqizW-l2IT0ttkPB5vJ-H-KRI1zqimbI9u_ptzc79v4fs4TWVkiECVGVRz987KsT2j_U4kGATE_6evSxeG5YtmVHLhVYrPSrU9sNvk0ZFiDTcsZLtOBwpGehEcrtC5v3stv3_4LWwl44SXKupSwBgQFABq81lpwU_n-Q6QKTat8wL4bVeDtq6JGNNtv7cH_CmOXt66PG_Cg18JUcGLb3Qe_1DICW6w9wfIVikRw6SQ-_jJTK5fD0CvpOJV7M-kSYlXZgPN6k6Tx2ZkoFTA-hGHcPbABqlLLk-w9Ot8jXJP46tA2jOBJGRDflNYLHMlCUEemnb-0PIMW5TK8WSavrEw3vYpkNM4TCMyyvDN&xkcb=SoAB-_M3T9YzWG3RhJ0PbzkdCdPP&p=11&fvj=1&vjs=3,Steeler Inc," 
 401(k) with company match.
 Responsible for labor hours, temp labor, daily operational budgets and monthly goals.
 Medical, dental, vision and life insurance.
","Newark, CA 94560","Posted
Posted 30+ days ago",2.3
US,ForkLift Operator, California,Store Manager,https://www.indeed.com/pagead/clk?mo=r&ad=-6NYlbfkN0DzEKjjsj5KaPMI_mnc_x-x5pNvZVMy3c217p77FyIlfDqwkN2sZX2pjSzYlHXnmTNphLTqNRdfbHJ7JsbYHbE6q7VE28rc3fWV9vbPXPm7E8oRKboSeL6cmCs8ropskdbXN8uAeB3FjbQC2WGNSPKgEsi38cAulGKf9G5jrktjD5RoJJJh-CBxL0KefQv9amXK7bVGX_TCPCwkswmNWTcrwme1zT88m8y8EXrpJ5nW4pzfTvtVLCmZnZHq2fpc-ZtFEWb3xLlBREKIQ2d4h4JPeklCmFW8GVbqTNOWykOkabPoVugx5hmPquMHF1wbCAo62zQIAgRdG_i5_1JoUMDV8yvO_Gr_LvGftZkcioj8qly1tEzDa2A1VbCWQDOvTE1iVLFRft2fe2rEhn0GRp_EX9DudHzREjp9_RZ_yP6YwHcKpm9QfFHSkx0vXkBj00Sts3hkQh3LWryF5FO0YYMsbCjOB74qqDsY40yXpPcsI_4mGAVg7HLfzzEwMorzPD1RyxmDeX_QugAE6wjbxs7Cnx3IvoCxwCosbMsFXjC35w==&xkcb=SoC1-_M3T9YzWG3RhJ0ObzkdCdPP&p=12&fvj=1&vjs=3,Acuantia Inc.," 
 Maintains operations by initiating, coordinating, and enforcing program, operational, and personnel policies and procedures such as purchasing, inventory,…
","Hanford, CA 93230","Employer
Active 3 days ago",
US,ForkLift Operator, California,Assistant Warehouse Manager,https://www.indeed.com/pagead/clk?mo=r&ad=-6NYlbfkN0A85siobzf0InJQy6q12rpFpVvmxL0jzHkfs0uVj6YpqvG0p3hzVQsw82zgPUXivcVsugz-fzFqNXCWXuYCCpfQQ_OmyNEi3fTZ4QqbIimFFnX_DPhOoIdTYedZR49PznXZhX-I_vBdOhubDLer-PPOU3t2h95gwX8KCwIHsJ4T-61yFQteo86E6_mmv6GFlUJj0UxmV7itN1yxGVBRpyKsuzCXQtlMw48_35WwMUZSPwGpNSPR1psF1ZsEGg4m5CZoyx0PITjBcECet2PLznSBMS7-WNaTi93Nm-3NmjS3rneGyPJql-mDuRfOJRYmio9fY0lInH04z1cBLJ_UsGgYHZbB1u4PMAaN7xw7rzwFC7Vg47JiZFwpZcHOd5AHq9bnEvD4FJE0ig-LROu6jO8RElUNvZzFeTl32II6JTY54RoVZZXQeKaTRGAcfD_eM3KgpHhEhGx2h64y3qO01grd4a7TaqZ-_9d-G2q5t6Y7ewIQEcAMiorjT5ETJT0rCwkeMeT5P9v7gqjR6zeLNlPashynw7Q_0Z7C6QZ4et6o2oNaTceQQ6X0&xkcb=SoDB-_M3T9YzWG3RhJ0CbzkdCdPP&p=13&fvj=1&vjs=3,Bisco Industries," 
 Must be able to stand 8-9 hours a day.
 Desire to get the job done right the first time.
 Forklift Operations (a plus but not mandatory).
","San Jose, CA 95131 
(North San Jose area)","Posted
Posted 30+ days ago",3.2
US,ForkLift Operator, California,Material Handler I,https://www.indeed.com/pagead/clk?mo=r&ad=-6NYlbfkN0DXFzHnZsetW92yOfIU1m783qB5UxS7Maip-xBlrLoTOXjewzr0Ua6NpgJcHaX198WVyxcdI6BCQkUQbkguqeuc8Yk_Wc4lo3rN3OGM517mEOZZAhKCx9hQhDrIq4MLeGS0BmooGtzV4wK1235BcoW9CUZPpxBjFRACg2_20uXFcKD2Cb1-MO3Zm7kWop0rC8H-OTKgJrbYjX709jgIZUiLGXqZ-3x6WGuZ6LmgQuFy9Ds-_l2RlxEWWYjeHmiCz0fdMpjjsmmkAGPkR3jnvxG2Y_6TUcHeuopifEZh-xl9cx8bzYJoPeFF-OfQi3bAM50QDmOz2m3FOsaOTH86OWc0Jd9cXxbdbMOz6hSI8WGtufg8rKluMH8EMYApR-itPvGSpwCier1MUEK9x_0YuMLEFrYdC4BEaV6RZljGrQE_vQRHNt4s4s2HtTul9gEmR_FxXVc3aG-20KUNK9cmDgSDvc7bINU2-yRWvQKMpfajIRx5CGgDmxN5G0iMRj4M-Vk4Y5VwCmsylrEMvWjm3-XdoXoVdR5-RKo=&xkcb=SoBP-_M3T9YzWG3RhJ0FbzkdCdPP&p=14&fvj=1&vjs=3,ECA Medical Instruments," 
 Job Summary: Effectively operate and maintain all secondary machining operations process equipment and related parts handling.
 High school diploma or GED.
","Newbury Park, CA 91320","Posted
Posted 30+ days ago",3.5
US,ForkLift Operator,California,Warehouse Associate Forklift Operator,https://www.indeed.com/pagead/clk?mo=r&ad=-6NYlbfkN0CwTvP992Jm3fNtR2Ng-_AYzgpepMn95ElCKspapMuPUc5DuE6PCnTad9meDYUMdXt7job_R__ZvrCE2ozYbQSCRozAmqvZdWloU8gBHot_VpyqWB_LfS0pm4ZiAOvdDlqcztXIL2avUJFlmXLL1AG3cJCS5glzpsdY8cjetKcKfT7o8-q9lGELrqF4u9X4SFaacz27jP8Tm64PUwzh1eElfU-YX0jQxjGWbV6FKCK_mLWrxArzyDu9yrqsYQrbuqKEifsyP3S0k2TV8xSWiNdZCihsaVNb86bsOPmGuPeGc4z0I_0Vz4r0zc0BJiImhdch75ykTZNGZJNUVH4PpSaR6GhZ5Al8dzuq3s8Irz7y3G7g4gkYk0U-Vc6rbbJEpXaNI-XfSpGWJlbJ7zdUE1eFjklkOKJJi7mfYH86cTKqb4dmcKXDjWyUYA3MtgtDh7KXePvM-rh8CxANt8MTC-KAt8rfjYhmqcYpAH1YmxG_fvow6R6x_M69ftrpf9IqCcGi2G6Y71WVPJ1yVoVE1VViKc4nVx8tJVTKEhcdU8UCM5GGC4NUp7g-fTk2EIrpFSMisMqZhNM2b3Qyd_4GMCT6K33mNPf12comJk-d5Q7SmhuUr2FvrzpUmfEVMK2YCsJPmvE-5pFgmEoezDen_sjLEHVeBvj2ZpJucRyZL7L2OeLcx2v-oQMAGqQcy4Mpb8c1j8idjyWzBmSiD7jwMCfODVeSCYt2StuP1LXssnEs5VJPqhBchnTVxlEriDFNOyMS5_WVpX0gtAPLDbyz06xwQhn-iKfzdyM7XS8BczTvnjQnBigTFGqbZZ35q_I_rPGTw7nRUgHQKDWI87OXgtBOhMOwd-irWL5maPJT8EHKBUEdyzLUOMV2FrOCVvH5kv37gY2iCdxmiM_pL5AQPr_1WgyL8n0o2NjQQkm87OgIy1sA-9wWZO1ou7vhcscW_Ri7HxDNoMqTb2lYkrt3EUHNnn0ReJ269Wfwx56dKuWmVRTPny1iTTNCAqz3Hul8E2B5AgA7tTxRXPiqi4QvujI2Vsz5FPg57237AIHxw49mxoUR3IkNX6RSte8N7pX8KqgTdHqXc-OnEGiX_j7cCi7WUxxYam4aHvNf5sMleEMON_J4O0eLmgZcC4BKfbd2DQkQF5yGAt1ZpdOCFGShPL2Fz6DsrkJajpn4kgl1BbQxmyph2EdiouUSwW9hmKEk3w-OaNNKm29NwYizZCXbpi8tyFxXNi26tDjj4uBksjZYdQ==&xkcb=SoCt-_M3T9ZLVEQgVp0IbzkdCdPP&p=0&fvj=0&vjs=3,Arrowhead," 
 You must possess a valid Driver's License and have an acceptable driving record (no major driving offenses in the last 3 years).
","Livermore, CA
+2 locations","Posted
Posted 6 days ago",3.5
US,ForkLift Operator,California,Parts Counterperson,https://www.indeed.com/pagead/clk?mo=r&ad=-6NYlbfkN0CyKtwGVaXC9e7TP3rYBIh4CqCqSPrCjz5AknZ8crMBiDtDrQdkV0ivtv20B7L9jgxt3Q5LgrH2UC9WiKDghSO81UuyK5FsrNiY-dOW5QUoIyY8WR-UHAtnYdWBF8gvSAHh6quwNMjKKFRgYn-e6DUEdtbwRU8Cl1eBnxDN6XGyAYFoBpkRA6Zjgfx4e6O-BAR1APdkH6faAsWQFDSJtp2p2wSSpkNnj0xqs7NzGyK3uJ3rbqa8CM7H7XsFeKH-1wQTH362w29fdhtnqAlfL7vvRWmobN4QbrQnd0MWrOjzYaIfECeg5OlcmtVrQq94ox4gppMYiXA2m6SIGGeHzqRO-2bV1HCYaZ1CFL7Z59RXWpKiBvlY_L3Hz7KvCQOGCGO8zvpFtuD8CVhTfduDmdJCHUnfYW8Lh_3zbCUkaqRJqtmvM2RGPUGaZ7ZvwNQ2k1-THCXUHCsxAdhUEmVPCrzJy2indmlZCNbm06nhyXxYTT9v2kcMAJyBnbp_Zx7TUEtmCxTX7o2Ru2iBKOYmCBRrn0W94PtAdRj0Ux2lqn-pF7WHjSKMUqvyuLBi_IR-yRcLUipi_umAaHQEiGUwqarsNQ3SwA1qpZUEldUJ7wOArKMygmeF39tBNNee-QSYQYvhfD7FWaMQMrpCMlbrhEatT82s0sa4KBMhghOiEIlxmHSJHPnJlsUJMTi_dxxKXAuEuSRHGZEXHyJvFLuqbUyrbCLIci-_iSEI_mQzbUPwFn2iVGd06cVsu5hs20ACxUrYWNy3pqadQbp_6k2O5p_SLfMLCAqm9qqN-iKFk52VTA==&xkcb=SoAj-_M3T9ZLVEQgVp0PbzkdCdPP&p=1&fvj=0&vjs=3,Inland Kenworth," 
 401k with employer matching program.
 As a Parts Counterperson, you will be responsible for assisting customers and technicians in obtaining required parts and…
","Montebello, CA 90640
+1 location","Posted
Posted 30+ days ago",3.4
US,ForkLift Operator,California,Custom Cabinet Maker,https://www.indeed.com/pagead/clk?mo=r&ad=-6NYlbfkN0B3bfWcG2c8n3zhrSqGBp3CNEidwLb5pPfIJpY2_lmDPlN9YdQJl2MxQ32WsqZXWmKtWcZbP5cgEaGuhf6mVZ903muVO6jEGzSYpgkOipPy_9KJngsG8kW9H4qhFDx7yOw9hIjmn6h6P_GQIC5q3HJL78L8VTGd-3tooAKiyJURCt2QyT1Qp850p8m1flmiWhmwyna391sC6RS_XIM7ON8Wj9zDXdZ9N8Ot32EXIMcgtQkBW-kBK1BgAZRP-oQF8mEw8Wr3RE2KKOTVklOcI38csR0bvI3gpzSBGJKT524Kfgw8-EKZmWC6BOWc2XzK_dYhfwW5ca5ElQ833HZ0mUoyJ9NBICPXIeDuDwe9-VFaFk8Sd0T3BIDKHj7zu2YUrdT6SWfmfwnF_89OcDxpW3hheqXyxej3uwYX9BJC4roPDbxLCURxsvHd44M7Kn8rbgl2TrluUdcYpnxF-AiNaqE7liBemy3m9JArkQHKRKlT93BTnqEkgx_IVl-RY9c3wNWCeixog5bl8UzVVumqj9wrWgJ-D3eiCZ0=&xkcb=SoCX-_M3T9ZLVEQgVp0ObzkdCdPP&p=2&fvj=1&vjs=3,Roth Wood Products," 
 The experienced candidate should have at least 1+ experience working with cabinets.
 Open to applicants under 18 years old, provided it is legally allowed for…
","San Jose, CA 95125 
(Willow Glen area)
+1 location","Posted
Posted 30+ days ago",
US,ForkLift Operator,California,Cherry Picker Operator,https://www.indeed.com/pagead/clk?mo=r&ad=-6NYlbfkN0CCYESGjVNuXJsSzzFTtIGaHFhU49__Ryntr-dfqLGMEWcp3L_U7QdrTkPx8gUpexje4vZQN6wtJwJR6-sVv4q-VSBGue31XXsuABM9mnnAv-SXXI-qmBimDHBGFFEHhAvbVInGgV-AZF6N6mkmyE2goJZp5m9g1atqwZ3ZlQmtrsMWV4snwbfTPPIs0aBFiukPMNQboCpgEJ4OVg_k78qIcWXHQ7XUOMf4Q162G12wnDe2BOw58N1IZttSkkEyyfu6sCSodhiGt_JxWE25seg-jpr6aqCNzjFDbdfFEAEJPYUcTftaDZvpgOLFzGlzAHmQvdk4gCYoewh0i_1qo4JFIkyzk1ztr-W25Lg3LnLYQ-uaj7PiwHD6r1toBJLTKgxiKf6Oq0Shsd5J8tiRQuk1g0Bl-GUs7zzZn-mXk9OCW4oQ5zt3zxvPWf_zMJKeyHUfyUNK4eufJYPq4k9BOsgUFYmydnyX7Ouqy4IK_1IUxmR2-4srJPrCVofNrWc0SOYlpZ7vqIFcwL9fRU76khmoNK3kP0SpyNA=&xkcb=SoAK-_M3T9ZLVEQgVp0NbzkdCdPP&p=3&fvj=1&vjs=3,"Temps, Inc."," 
 Successful work performance demonstrating an ability to follow instructions.
 Previous reach and sit-down forklift experience.
","Santa Fe Springs, CA","Posted
Posted 30+ days ago",4.0
US,ForkLift Operator,California,Forklift Driver,https://www.indeed.com/pagead/clk?mo=r&ad=-6NYlbfkN0CK8Fhrov0Jenhpe3FM9HqlF761i2tCzysuQfaYc6cLLsRY913lQWw2R6MBoHazyHIhTvPtVtsVUD2hsIJr2kMpGV0LEzNDjJ6ZkvwYB1lTtAaVrlonnqeNul9su79r26V8QcUjH7xWHN7IMKtpWgG5mvW7FILK-j8u41ApC3zTAquWXadTPhojgpWMpo62x7VWQ-_kS5LWYfCPIXMk_ahimywjtnsXbuY64Gs2jEE86O9_dtF9g4wKZ3NLsVD9GmurGzHTSuI-EAfOwVVaIEBQ28GsCtc6tAfUBF7RQPJ9jkuDpJqmjEbWiQ27UMtg1Ajz6SljgjiWQfnSYjrGHO8V_7YLoRRI6lUjhoVvSFN_ObjR_cZgBAWw4PVu3_at53_v33F5vf4Us3hac-RjXl4q6uNqiam1DhC-M8jhoZi6KSD7QZOVLWo6WnIdo53QtPrKuk7Z4RrnnJS1eq5yWvmWDQX67skpSoguSkqNLYBmZDFlAnjAISh-b0EomTl0XM3sa5NMa-wikVcXbtqastPSeIKLs2I4m0g=&xkcb=SoB1-_M3T9ZLVEwgVp0LbzkdCdPP&p=4&fvj=1&vjs=3,"Hydration Source, LLC"," 
 We offer an excellent benefits package that includes Health Insurance, Dental & Vision Insurance, Company Provided Life and Disability Insurances, 401(k) with…
","Modesto, CA 95357","Posted
Posted 13 days ago",3.5
US,ForkLift Operator,California,Material Handler/Forklift Operator,https://www.indeed.com/pagead/clk?mo=r&ad=-6NYlbfkN0Dku6M9hg-aV359L4LlWMnUo7O9LxYxbXsK9jLlCdhmDcBctaPbw4K_uIM4inUIETayntvswgLm4EyfiJh-F2p0T61M8ifynS5RlADmAwm-kLZF2Q94utB1Wtr38QK1uFqttfUtT3aTe1GbWqVwG0iswpR8kDNAUH5PdxML7TlYk9K47zRsXLMyQJ_NNIuX_d8yU7N95wPzuMwcGaKHiRX40aG3ONhbPxkzH9iIWAp3o28rZaAwprytoeO7EqudaiInpcMMWsL7KEMnenfmJZpAWXX5NdoNUG26rtQtQBYVmEVa_6HH9D6P5CtrL1jTujGiKAsv6oTYUqRBMjCOGFyLj5IKDa-AdHDYOGrHbM4Y9b4bCWwEhMlwDJuYytMo879kgRGQLbXxu2do6-QhOokgMcmzENZP-3ZF9bZKAfXCn_p2mTbwWLh19LXYO-ASv4BGgCcTA2uo6AQzJY2Qiwlsni509Yr5iZ-0U9CIUOhAJinchGJIDJz-q5IUsWNmiKr7DvfsplFWh9xFPoTQ_0XhRu4mobY85n8m56Qb6D9LRZWg6l4KyY4Yb0q0VdvW22Z5BK4-RGtVjw==&xkcb=SoBc-_M3T9ZLVEwgVp0JbzkdCdPP&p=5&fvj=1&vjs=3,Lincoln Group Inc," 
 Responsible for preparing and storing materials for production.
 The individual should be able to follow directions and communicate clearly with the Leads,…
","Camarillo, CA","Employer
Active 4 days ago",
US,ForkLift Operator,California,Inventory Material Control Support 1 - Space Components,https://www.indeed.com/pagead/clk?mo=r&ad=-6NYlbfkN0DPf8Tf_oakpB62WadId2dzQiWExtALTi0lpCM--zHBL1trAzPQuAwgqhBrKVuuCf_NdbBcnZjnIZi5_LNXKznsKPUJVguaoCHwtxCVki59siiCQIZ1g-G2fYRSkaXMRjf0ZQOAtrgaBAib-qnDUWRk1cy1hd4woUEDz0NI_fnbrcRD9ivJQ6sd6SydWay6CjtDdc_8NUxXF4qKIqdpI9c8cIejSkx-RUV4eUe6x_keQ4cZz0LEicLPUYh7Renwpdj-31h8zP0jPd1AZ3GvY1yhIj29m9HRKhrriRh5u9ooRDLqC3LPnQum3UBAx88IcZwGGfB5Rr9y7VCATJHDfxOHnXxsemVlsRSbOZx_PTF87C98UFBI8nZ8MbayEeG_mbmDgBg2e1VvUnGOwkI8hP_4o6VhEIAnUeh1X0xAFOW6Czcz4xH08DjXFzG1Qu8VnsvnxtxEKQTcyJNnWqIE29D4LeCfKvW6Hfpg-Ump0yIcWT0KBnzs8aBfe2by6d1yc3MxWbcpcOhH59lPUjraQSXil6VCKTclJX1E_76Z9JHeR1fz4dt717hghVbcC7AE9MQUcrMoZYoNM3BBI4HbuwU3psepn686gm29CnMO3uY_dUTZ736hr4HffKNCiR8Rc06D4sHShrpiTIGATFPNpFmLJ3zDIglTq_NimdOGvYVkSV5Acp_KTVElb_TIEXr0_UzZBk85m7s_3-OsmSfe1qvikfgn_gof9c5nG024CSpg5zPfspLNBQwsk99f8jd_s6Je7AcQr98jLzUgsX0oU8Yu8eCETOgJiI6B6jdsgnWZydt1U9PvYNWssdbClodH9aRB6PDgVp52W4UBVz4pVkYH0vi0a8mHL1Kwim4WOqdOUvNk6E5v3vyCkIw26e28Ie6dSWDYeN_KJ2qPB75oDmpA3S0BMLL0IhXYRVCzNxvuKdD8z6gUlBA6XeXR_dPWH0hf7GC3vNLy_fYC_YEMiUmW5f4EQZJ7viyVKk0PXTrClkH5v_kcWNohRhaAs-xSHdxqtWuwEQdHnihIgVzctMspv50HfWR1zQ1Xs6sZoqFS-FVQCI8kcIOwd8VpHjZcBayQioE0SFBpmQqUQs-UUatvhNyAhO1XT0IkU8ssXFvbcwRzWM98EzBYgNGLrFb5RjSFEwZ5QbthENRUmRG5lL0Io7Oe-RUUptnjRJAzjdIGYAKWFxg6LIGfSONVgtNI5O4Ud3-F0_dMZzZHfiYgb6i4T1aqjxbSk9lPX614weDXPQU-JZ_tOFhB&xkcb=SoBm-_M3T9ZLVEwgVp0PbzkdCdPP&p=6&fvj=0&vjs=3,Northrop Grumman," 
 Ability to be on feet for up to 9 hours each day.
 Ability to work flexible hours, overtime, and weekends as needed.
 Shift: 1st Shift (United States of America).
","San Diego, CA","Posted
Today",4.0
US,ForkLift Operator,California,Warehouse Worker / Driver,https://www.indeed.com/pagead/clk?mo=r&ad=-6NYlbfkN0D1te98yTU4oJzKNwtBfPyBLk84RCW7tPXfbULYnX5QjQCzkbNZrZl7Ne_jjsGDqt0LS7ITk-mt6QoN94glN6JabeLPx_EONG9uAg4qWgryC8cBiqUIdeufTkrs7QVdHF0SHHFFVOqLJp5QhTpyOVWo8q5g-qYmkI1XaZGpYwahNgW6TBHv1BXNhQrR8N2K0PTsepfN5HpB9Gv5v6Qu94GVmaJtg4oXOLuT-bsn7EGDFHL7Hs6Bco76TcCy59GXGxTlJsstbVXITC0PY3v_Jiqj2LJ4fz7wwKfTaRf7dSQh8m6rkNJfEQmRvuXVU-Bi2How0-7XOe7EG5edySDwEC0cn-MPVglQp8--v7YJ-J5d_318M0ywjVWDzWUriEnfWJFeT4QUs7PaabDN964B1TeFlnzuBovQw-dD2pDaXUBywCxKkWSRcaueXkuqyHLz02xLrmUL6jeXunLbd3T8uyHmZOexl1iVNZ5NYBS50JqJgM1Xub1jdFdCCeD3qiTiMUH-FmX3vQgOkcRgeMR50Ytsd5uzE6CJXaE=&xkcb=SoDS-_M3T9ZLVEwgVp0ObzkdCdPP&p=7&fvj=1&vjs=3,Best Beverage Catering," 
 Cleaning, storing and maintaining equipment for catering and mixology departments.
 Loading and unloading of goods and supplies and ensuring that you store them…
","Brisbane, CA","Posted
Posted 8 days ago",
US,ForkLift Operator,California,Warehouse Worker / Forklift Operator,https://www.indeed.com/pagead/clk?mo=r&ad=-6NYlbfkN0CujhpnVGs8fO_HCUUaCYCd0Ncwe3NMmEUq9bEjCXEzAM-L43_vGWDe3yS9wJrKAsxypJI9aTMfd0L-sXFUeierfwcrvMhUYhhY6__ULG2H5S6fLAI0j9ro4iDh9NAmnhIoaCMBBLxKNypegppA_b3HbNgxKjuf8MrbPkcuXAHrYTpw9oTO3pKGfJwAQT9cjaa7a3ddyRIavfcQl_gEglRLq2vj9RBdkhEji6YDuOfCy_yNv34VZpD-u9zkLYLEeVkTsEdfY0sJ9C0RJkWJoI298yiSTCOI4A4rtv2GeZHe9X8LPfLmNCWMYrMZiG6b2Eab3jF-iiGtZDBuDIDvsPvt5YbXRg0hcp2HNw7TTFDuIjVwdI6MTu4_tAix09OU_jdNFqDP-bxF0IJyg3XovhChMjMxumehxLlnK3mjeBZNv7Vpke87OGr9kJlA5ycbkwXgFp5-PBMOTOgvrHyCdXXUWN0eP4y6emHntlmTjxXkmy0HzPfLc1Xuxm4DKImbLFs0zRlE9lXWOdJkUrn-GFnzBOV7x2Y1CD-8GWFTCe3ibWYrPay2nevU56Cr1HbMGoYLyn8gDbAJEA==&xkcb=SoBP-_M3T9ZLVEwgVp0NbzkdCdPP&p=8&fvj=1&vjs=3,"Nippon Express USA, Inc."," 
 Ability to work under stress and fast pace work environment.
 Our San Francisco Branch has an immediate full time position available for Warehouse Workers.
","South San Francisco, CA 94080","Posted
Posted 30+ days ago",3.6
US,ForkLift Operator,California,"Forklift Operator/ Warehouse Worker 1st Shift, Mon- Fri ($23.06 Per Hour)",https://www.indeed.com/pagead/clk?mo=r&ad=-6NYlbfkN0CrvEjiI1EGEnRdQcpM6oig2JvaZXiHQsku1pqyTao9qjEauziZXNa1LKNjtv43lloadEODgYyzNMgUJ-yASkIRHaiyLnxSm1WtOEvJpSi8YJWenjb3uRCht9SiJFejPfBvbNZab10e929kRmxjTMmIDAKuL9v7eCZtyB01ILyfwivb_S7mNHEaolGvM9bOD1nl7hZN8U_c26MUOUBr25kENRsfPAFQskwjbVlvVLkyhRoCKJtQBbFl1d1VxIuHWKw6no26HjAawo_FweQKQLSpX0Z9prElAtwEZakzuga_Nr8ZKzMhvQv9K4iiYMdB9s6QtTa3LJAI9_PCJMXWSvdp53PCeDqI8Z4TBILeAqcSEDm2sD_i2wETKXF6DhS__OavaNooKgExRblwENFffJCB3Q0a1m7HSk3DndipPa3eXIoYt5GWCpXTRtX9Hu4SnKPvooex6Zyt5HY6btUWkYLhq9_IBSTTFBZDoZNCwHChcl_L1PagQl2zb5sH8biYhSrxtitpAozXvgVCQpz0uC7Nyghv_JxBp3dNxEWJRGz9sKoQ25UDfMWs-zXjw6jodV1FlxOAb_j5ZvgRPfQJcmYQihAwfvHIvQwI7kqyUqS0q2auS12my7y9G0rfVRDB_dsR67MoSN0v2o4Ti-LGpiPu9x4Eu_KncnmTUm1OmCC0GmWu2LslNyGAyP0q3avejR4tPgt4ICXCCRjnLoqSDnod&xkcb=SoAs-_M3T9ZLVHQgVp0LbzkdCdPP&p=9&fvj=0&vjs=3,"Shaw Industries Group, Inc."," 
 Check style, size, and roll number against the shipping manifest.
 Workers who join Shaw Industries often stay until retirement because we offer great pay,…
","Union City, CA 94587
+2 locations","Posted
Posted 30+ days ago",3.8
US,ForkLift Operator,California,FORKLIFT OPERATOR,https://www.indeed.com/rc/clk?jk=da3d74cb9b6be456&fccid=718dbe92864688ab&vjs=3,McLane Company," 
 401(k) with annual company match.
 Work safely to prevent injury to people and damage to products and equipment.
 At least 18 years of age.
","San Bernardino, CA","Posted
Posted 7 days ago",3.1
US,ForkLift Operator,California,Hourly Warehouse Operations,https://www.indeed.com/rc/clk?jk=a38e2ea129ba6ffd&fccid=15f43d82dc901ff2&vjs=3,TARGET," 
 There’s so much good work being done, from Operations, where process and problem solving drive our results, to Quality Management, which ensures the right…
","Rialto, CA 92376","Posted
Posted 30+ days ago",3.5
US,ForkLift Operator,California,HIRING NOW: Forklift Operators at Stockton 3!!,https://www.indeed.com/rc/clk?jk=9e42ffa33c6b3d74&fccid=9df0cb1c6971d940&vjs=3,Niagara Bottling," 
 Answers/makes phone calls using proper phone etiquette.
 Develop lasting relationships with great people.
 Unloads finished goods and raw material deliveries…
","Stockton, CA 95215
+3 locations","Posted
Posted 30+ days ago",3.0
US,ForkLift Operator,California,Spread Room Operator ($22.00 - $24.00/HOUR DOE),https://www.indeed.com/rc/clk?jk=ab398ff23ee57e44&fccid=2655ee0588d06183&vjs=3,In-N-Out," 
 Ability to withstand prolonged work assignments in temperatures as low as 35 degrees Fahrenheit and stand for up to eight (10) hours on a continuous basis.
","Chino, CA 91710","Posted
Posted 4 days ago",4.4
US,ForkLift Operator,California,Forklift Operator,https://www.indeed.com/pagead/clk?mo=r&ad=-6NYlbfkN0A4q5z0GbfNvTf5BWcwZ7R9SZGyex5c6MlpOXsBAiqIGcFJJ60vP71kbyEdEWtY2_3-5cMGjElQGPqBKkxL0PvTh4nEI7LEewMiZ714mGElrTjLldOs-UWteSBVOxrzEA5vbXKzT1uiKd9-t-8nyHF5D4Ye07w51JJmzV-glI7BnBkVgo1aTkXxQqi0BORGirMKgpmdKR4qiILgRuJ4XGjuEbs8o5aof6bcslSQMTGU2H76e6VmGkHXhxyYpE9OU6yvL-4NrxJiu0TmoFINEvv__ZAHrAnXVSElGaqd_Rsc7SIfAoYywxa7XReWYUU69Zy81WWaCah9hCCAHwM6mRloVhgen541tHV-yqIoVHEGmrdZnQ90FWu5CCTJ2w5Sfzrk0McIQ3IVuKb6AhO908kwpJ7f_lqzV8ahN0EDkhwQXb9irdwCEHl5B1WL3iyNR0VzYStEn3tt1ae29DNzsLpGj9t0x0Kx1yd1btqpgUdbr1ObqXLrj41BTI51lhxIh3y81TICXY3aWCiZmNoyQBgdukUSLzJqcGKfa4vdQsB7fDAs0P11OjB40vKz3kAh0I59TDfpjFlInvPv8YVhRelYLvvdQ83J6_USHSjZN99FnJJuy4leUJqcDhE7fUX90W9PXgybsa2EggNBSgdEWAKGZapjZwVyNrI1UYTS8nQEJUBD0PQZ4M1tN7KQZL9yF9Fi2KlHQtatbxSc8nQqeV_z9Wk3l0lZ7YqgTNMweGd6tNC5oXajuEHEtoLdBE8Od5oUCZaD599cwGvxtPi1uTgsBtwGMnXt9Wf9HfxD547L9oy-0B1NFa4szGyORRza1l3cGrZuQvf3XERcXQxw7K5MzYcVilA2z4Yt7HdpWFDTTdLgqtoZ51--Cq_mSNuLNjA=&xkcb=SoCL-_M3T9ZLVHQgVp0ObzkdCdPP&p=14&fvj=0&vjs=3,Sierra Pacific Industries," 
 Shift length: 10 - 11 hours.
 The work is fast paced and can, at times, be demanding.
 Health, dental, vision insurance - available after 90 days.
","Quincy, CA 95971","Posted
Posted 30+ days ago",3.2
US,ForkLift Operator,California,Forklift Operator,https://www.indeed.com/pagead/clk?mo=r&ad=-6NYlbfkN0D6qFSVCaa8tXn-rJ3OcXif2lPyFmwsE2iZBGE4YLg1g88MDD-4hYhgnegRzKbd2OUWiCpocvH2453CTmsj1HO1enhf7FrnsBv3iJj5pjEiNkZ97StR6iZosPXMALX2qavwhrbjaXjmisJRHJCdfuyfw-nMxiUFBlZnb8p3nk5QOvrw4s30GuzCup44sh26ST135f3jjEm2TKZQaszeYc-0JAIhcq50lBbPIkIKnUWnThQR2V7VtoMAGM1qNVpxVqwkmRZKyxriGoFJxk6d1aToN6NfYdt1vgHHiad7PsCu3vUaga6EtrNePAkfrac-5ZKQR0I0VHWwsHhqEhTv1KisUTqHHCJWiF2cblWJOUBN9IwAyRM4i_5mHcF5UVwOJ2tjzUjEw5-70Vchr0Oid4VcwKHHz02EO3JY8vY_SjkGBRPH3uIo_BsydR-Xa0Fz7SJguvGYCVPQIWtqvL9U7D9FLWnlrWwcrwYmzowOFnTDpzPAZblVJQOwSJGgcL8TW8jKxrODFHl0eP_r4e3BonH306sTqsQSKh5MOiNX5Ya8EVDFRM5NiBEzvi9nBf0BxThE14frAmOYuvpdVSZVlWs5-B0wP5KMcyfU6mV9FCfn38kW_BSpqW_V5sfsKq-p0ouYAMxaGSEBgrJYQWa8-1fNcoLFkTtR5YEl8kAa4gpjHipwOp4Q2Gk_BSrBqn93P2tUdLrwbf_LaUPeZ_YtzLOWFg1gMkZcA00UJIxtsuhfmHd8aJnzPVxTRMkfJXotOa9OrgovaqRpWEJ6YThvdbeX3Zbd7a0_AK6YgHKP5SDRCkRib29hDsEuzimequf1mYwlY9uf-Seh2reo6T9AuldLFBKPK1OEfbotEofF4h3_g_sn43hhwpmDB9fr9YjYWnZkvoOLcGlbFiSsJZ6yEjWLntTcAkTq4sTkYc4-jCVLvV1fLtMUD38m-66V-mOCo9oYV9BTfzOBdezdp-N9gGpXZVY6P2VXks2S1wIzMsZgLx_PiEk71LYBpJHZVtPn3ZuVAkSbBSWdHfFMZpPzE12HuI5XXGncVw4TbQSSoVhaDqEnZnb6XqXZH_j7CJ8uBfYl9d9gf1R2UoXEB04_4MaVgJVQ1fBbY-KPIRN2zNbEA-CjI9Glj7gAx54YwmW8ss3odkmUiZ5FNeB_SOvpuNQ-sZZQIXlmZh8rhgTSey63eUlXNTpEPOKZ881zMekX934v6CzwxIWr6WfenRxBNb7X&xkcb=SoAG-_M3T9ZKQCxTnJ0LbzkdCdPP&p=0&fvj=0&vjs=3,Kelly," 
 SCHEDULE: MONDAY-FRIDAY 8AM-5PM OT 12PM -830PM.
 Must be able to lift up to 30 pounds without restrictions.
","Long Beach, CA 90815
+3 locations","Posted
Posted 7 days ago",3.8
US,ForkLift Operator,California,Shipping/Forklift Operator,https://www.indeed.com/pagead/clk?mo=r&ad=-6NYlbfkN0B1_J8ri5S_E1jlGt7uSfuRBh_8dt8oMf4LXw9knzB1HXO9rIo6asOvlEKPgOdM4AWytADiWHMaCW9QSOxT6O5pD8gB5bc7WLC2WKo9esn1-HH5UPYKuz1BFLKI_ENhVaOKRFCNWFedu4vLSSJMEsmVxucXhWB-q8U02kR9lqrC5s7OzK8Si1r4qnpBF8_dSWA542j6FtPbhsEIl5rObxSikeXKB6GV9neGzLtMe8MTYw1McyXqJgIguuobDEdYBL852F2ZHUzabAg4CMXY3mzP1msL2pKVdqBmjs-8XO7U_f1ELCmF5IY-B1o0870kz3tAF40xUfYVCecnfZcNEBQdoO5R0lTwhFv_LMtzCyn5poaPDhDcNV2qFRViuHipKuXzbSE0NFZxV38DttQUvuqzqt5mN9nsuefYY5U24n51kf71tB5i6rYsxcmFEQxNMYWyd_-RFbvsePzVEMJcZIZ36pyDm_19y1L_dG500HcuoK7_D_sV3E0FFkJ2ZOpnMfSWXx7ARltIdR3hA7KalPvYaLEbd1f2-c8dMotSdDlpfvMoanx0qXpjqLmGSB4DPzg=&xkcb=SoCy-_M3T9ZKQCxTnJ0KbzkdCdPP&p=1&fvj=1&vjs=3,Express Employment Professionals of Monterey," 
 Build pallets of finished goods for customer orders, place a sticker on the pallet to identify which order the pallet/product belongs to, place in the staging…
","Salinas, CA
+1 location","Posted
Posted 30+ days ago",
US,ForkLift Operator,California,STOCKER - FORKLIFT SAN JOSE,https://www.indeed.com/pagead/clk?mo=r&ad=-6NYlbfkN0DHWFHpVTFLKzRkDofLZ7abYvZDpgUn__ex_BwQJZ2hE5smAp4suCsTPQsaGiiuZSOICH6mhvivfWgZYxhnXxUnYQ_Klr_scE1EdRIOhsSd8IzkqgzWXiiS0-LbY0zQOPI4QTqr9xZ98YogeLIziqaYHuhze9tXTi28IpFYHgWzCiSePtADxFqh5spQwL_EOY0B_zLPgstFhovenUpAz3oim0VYJ5BD1xW_mDmAjPhHdq7lHH97rjoQzZwnbljz7D_Q7C87dsz6jrs6tAEElq2pJ6s3JkAzijcBtCjLbLEG9kGwoBBjWzIKqKsa_bgAYQ8xMgbECrZVzfEcCbfjCKNSIlvaE9YQyovQ8pL8wB7OztUyys-GXkIVKTfNbWOSham-ND6kpclgoYdFakc33QBhAF-qwM-K4JXCkPglCqeOS-GAJC1AtYXNbG1OrqKwnEPmDCjXjUCRY2EdJP1YywzGd4vrB_4d4BdtHCHEiHap5GyNBIQtRczI19HaL640cChGSRAVpnN2rqgIQPjxquRjdAEVGyWHRT9NtQho9qMu-3a_AY7wyguC0A7Oe-CZS7Wq7WNgZn4h83dcTWVMDfUKOTF07UAjIMH-eKA7X35bf-hZLuA7f8qoLJEE7eR3WGq2LTjfTxLX-bhq5PucZbZ9NAG8RGlfts8urAois3Nz9opiVnjL6YJHRWvjPHgcXTQIyiUr02MbKQ==&xkcb=SoAv-_M3T9ZKQNRTnJ0LbzkdCdPP&p=2&fvj=0&vjs=3,PITCO FOODS," 
 Spots for forklift drivers to keep people out of fall danger zones.
 Willingness and ability to comply with new programs, methods, practices, and procedures.
","San Jose, CA 95110 
(Downtown area)","Employer
Active 4 days ago",3.0
US,ForkLift Operator,California,Forklift Operator,https://www.indeed.com/rc/clk?jk=69f86d5f1438b114&fccid=c8dda43a22e6aa45&vjs=3,Ricoh," 
 Inspects and QA all outbound freight to insure correct items, quantities and no carton damaged freight is shipped without Manager approval.
","Rialto, CA","Posted
Today",3.4
US,ForkLift Operator,California,Forklift Operator- 12 Pallet operator,https://www.indeed.com/pagead/clk?mo=r&ad=-6NYlbfkN0Dw5YS5k2p9urruc14icYN1MKKvJIN3Kd2XbyQRMSdz9Vq1-T5-D1XBb7AD8-H7OUQpP5iQY_0z8r6ZPkAIVEbymEl5LHdofI-sPWeQO2EDxNzHpH53gKZ2TJuHf_E16Zh4EtYpMzjwuvRtwMYnmXS_63mL990qIiAxgMn6JfRzu5yrXURkgpkA0yGmwpAhZ2evOOliy5GB8K4H76WJoMbGm0ptXPb93jiL8fIM1IbRhCs9v4Do3kaga94ZU4IZNIcnf60K-HMHyHMMrIlSrBR17r5HLGuZon4fnVMq4dFwphB4PHCimpheQjANikBSfi7zlG3pJy5pOWTUDd6rgXQZfdWvdWplSr9VVe8xC49M9eY8JVP4MzCWYQO4Z9NPqVM6CLatpCmvMP0KpIAeihZlyCuO4F9TjEt-DIIZBpzpTTinAgqqamzQeTO0KLCQQ7Ig5Qaylo2bfXYy-IRupkUIE9b0YoIESY3aifw7aYIJPYTYVdOPnwvNe7crhLqWRqPGdJwi-ZfuiKN9eI2qeKIRTEy_caFkb_rw2L4gK5yM4rKjeBjXZiJ6_l8q1S3L7FCFn5d4a6_Q_0PFgCJ47jk3Ql8HSKA-Jz0NYNK6BEgSPMwmMAvjc-Lh2AHEBXd1VXP0lNOEhnm4iUXUFPWrOoRPpdL3JfxcAVo=&xkcb=SoAG-_M3T9ZKQNRTnJ0JbzkdCdPP&p=4&fvj=0&vjs=3,Volt Workforce Solutions," 
 Full Time position, B shift(3-5pm) available working 40 hours a week.
 Pay for this position is $21.27/hr plus overtime as needed Shift starts between 3-5pm…
","Salinas, CA
+10 locations","Posted
Today",3.7
US,ForkLift Operator,California,Warehouse Associate - eCommerce,https://www.indeed.com/pagead/clk?mo=r&ad=-6NYlbfkN0CL6r0D-_q033STo7es2Wmp5pwoEY_Qnj4df5HbyW9H3PTMzbX7Sw4ru5xXGgXJMPMAxTR0KynTnjDQ7ICu7CdJvwjSKRA0Edt7dBOBCAeXGGMzoE6c-sWKVJqDEN-Ew-N5NmwD7dfsMVwlD1K9pteSlCTFjX4J0epJ3OgtP8OwyKZybgfnl6vlMWHCg7TPeyV9FdEeWvfWsMVgtVA-od_Ym28N6wYqNZxYyX1YAOEAjhEtzl2WqgfeTbne1xeWAmkAC2wg4cs-N8g87yhisoFLzLIrr0Mf64lCfn9yBHYGrGxeNzSEFeS73Mg6fPrjuwZbOF4UWVJYf29ALS5gZjoGi9xn0-WFDpQR42EqHC20c-lWFLqc8EYG6h2MWpycA9aFmyT3RJ4b1xzun5VPS82nk9aSUEh7DybU2DrXmg-SI5AMzclkhgzx73A3lRZuV3Zh5cgMYIEnXAeBqm7sU7dYCewq8x1ROtGwHD-J3z9wCkoptYPnAaExSPbGplrZHzbq04Ce1HAinPr43AAA7nNsBndc7IeDgmiTEOLng0MJtg==&xkcb=SoCy-_M3T9ZKQNRTnJ0IbzkdCdPP&p=5&fvj=1&vjs=3,Global Cellutions Distributors Inc.," 
 Inventory management ensuring proper inventory.
 Ability to organize the warehouse in a clean manner, that allows for a safe work place environment.
","Sun Valley, CA 91352","Employer
Active 2 days ago",
US,ForkLift Operator,California,Driver/Warehouse,https://www.indeed.com/pagead/clk?mo=r&ad=-6NYlbfkN0AKLZSOS8IKaggW8lC0uQ8mlnwHvi-px-6CQjzG-O_lmPfI5wrfnzJkZy8VzlBk0qKGOUb3FATI6zk3lFbZrHOjN3HNnKBIE1p20XLLpBtRVV8LHi-mcLqg-0-g8xccmls0pfps8Ex2xiK8E5Nv1WubKQEF8HGBCLkrGCRRJRYwL17QVcPHkMq5eHZ0d5ldqHhzgWgNMMvbwZ1UMPMXBVtDccrjRaz9pdnE6IxnTMFRIJM08bc4RqYA-_LeQlv5cpiKBCPLrk4AjsnrUJ2BT4GKiWeqk9YeM7jRBT6kz_PmLMHqtx76hfWTHAacIM7GbngNf5f6Dt8gtbBR0GnXBBkJHqhdctilKpfkwgguwM3naoo7im-GZHVyMGE9NKNapKLWnHX-TfUqTbu-01UPj8x8yJd-D2ARPCRN8JgaVwr5ceHtaw5tnUQwSxIQUqbUKtEuuf97petqIGCH3Hr_uvEzRRSV8xLNgGTEsh2REUpeHf4Kr9ZiTK3yJEoFMkwRmQaYOO_0epQVN8dLUTVfAva_&xkcb=SoA8-_M3T9ZKQNRTnJ0PbzkdCdPP&p=6&fvj=1&vjs=3,Howard Industries," 
 Pull and prepare customer orders for delivery.
 Good DMV record a must/DMV printout a must.
 Clean driving record - please bring DMV printouts.
","Van Nuys, CA 91405
+2 locations","Posted
Posted 16 days ago",2.0
US,ForkLift Operator,California,NIGHT WAREHOUSE MANAGER - SAN JOSE,https://www.indeed.com/pagead/clk?mo=r&ad=-6NYlbfkN0DHWFHpVTFLKzRkDofLZ7abYvZDpgUn__ex_BwQJZ2hE5smAp4suCsTPQsaGiiuZSOcPjUq29QejZ9NuA5yIA6UGLRWWrTgV9Udfb10eBhIS5BmDEqcVpz2mHtX2bJzg3QCf1Bmo9CEcpSICFAOhwYZs78_aqIqHJ9tAFiOMLknl7PxsKXeR7ZiCkG_4k7095n0P8dGuCKnD4IL6bvRdeCL-9WzdX7Dd7TWO_kz_e4PLcfM2meGNT4-9VjLaZPP_KW6jQ8XodugSGmpf7qdsErzcYT8FXfswPECb-Lghv1NEVvfN6ap3GdL1WjlPkXB9EQqheCRFuHpfm_kLX7FwK0tmj0tBgLFlD66ns1byAz9CzoiSSlqUxtPFhL3OJLHpLzc4nJKKI6LrPu7aJNK9q72w6avdGPGJgjPm-TZSb7Scu-HXTJCEZC19GPrZLfPLI73fX2wssvW-QcdWaB3c-L9dkVB1iVkXnBMiyoLntLBAp-wfbIAefF1pFVS4AGWMt35rPiGBCrffIRRbW6mm6jxbSsIbIHuMQYKejHyrsBeyKAB2id9rPCzUQa1IRalLswGvThlDD9EIIRqhGC_eOohOnGNwpyxXN1tT__N-syh1PwO7H-OVRCwjT67XaGJtB1Ke-wraDM4QjWspwqorflR6YcCRboupbCIwqVmyheDmGvNt6NlADtNXeLL8Dkjc9PrwRh0oUNhsA==&xkcb=SoCI-_M3T9ZKQNRTnJ0ObzkdCdPP&p=7&fvj=0&vjs=3,PITCO FOODS," 
 Building Relationships: Establishes trust and credibility with people over time; establishes rapport with people; has smooth working relationships with people…
","San Jose, CA 95110 
(Downtown area)","Posted
Posted 30+ days ago",3.0
US,ForkLift Operator,California,Heavy Forklift Operator,https://www.indeed.com/company/Proactive-Supply-Chain-Group/jobs/Heavy-Forklift-Operator-db306db0b5cabe54?fccid=00018110ce781345&vjs=3,Proactive Supply Chain Group," 
 Ability to work extended hours, as required.
 Excellent vision or the use of prescribed lenses.
 Capacity to provide and follow direction.
","Long Beach, CA 90810","Posted
Posted 29 days ago",
US,ForkLift Operator,California,Forklift Driver,https://www.indeed.com/pagead/clk?mo=r&ad=-6NYlbfkN0BGC_36mE3mavXc15lr_PzTifpHNMccqTRHt9VVuPq4s5OXZvwwVOI5LgfFkLoAQltz3wc8vtlnaj1TNZ_XXRpdPCqv_dfIaW-QptoNHQqoEvVcLgIE-82v9f9iyg72lNax1J-Ub0YeUiPzGpNxQjqdvHrNDO1ucFCaxMuJbmL4DW8iLfvkGo17yGnPDHNnXI4MBBt6ClC1qUk1tOlwZg0W-JADPEsL4UsjrsQqKJbx9Co2IIIYjmWIS8twkhN5XFdy31oi_gaHjzKExMkxVKj4XI_jsXFOCU5_azH4dsjOwLYdVbFHqMXGmNyywdnJ6hi6KXflL7H4dmZXzxONigfGl_K94BrgI1FAT3Ok0pdKu3fEnAgs5-K3fEbdK1AAUrnRZBibUbe-9_megLxggv3NfVJMExQ2LRT5hfwiTcEXpm-fVv8dNpYJteBXit1PpJix1Jp4eNuobUQHlZopZE0LHtuKhfnGk7sfVViZV0t8aA-Of3eTp-TFeWy5nF-UR-6vKr1fR8-eQHvi3B0DSAuS&xkcb=SoDe-_M3T9ZKQNxTnJ0KbzkdCdPP&p=9&fvj=1&vjs=3,Spherion," 
 Spherion Salinas is currently seeking an experienced Forklift Operator to assist our client's local warehouse to move materials around the work site.
","Hollister, CA 95023","Posted
Posted 9 days ago",3.7
US,ForkLift Operator,California,Forklift Operator - Hiring Immediately,https://www.indeed.com/pagead/clk?mo=r&ad=-6NYlbfkN0A_3eaPK9tBOII1bLLPqVlRA-Qngb8WUnY_P5IZl-RDCJJGCntK2EvXyExho6hhBvfFx5K86-3y-LcNl1DODxaOJzj174WMjkaeeZkwXmNr5GbxLz7CXOrmm6idubOTMGd5hF3wtnlEa8Do1B_wObjfe9xYb8AZifv8H2ktBkS6j-0kJ1OQE73zY75L1id3FcF5P7hzJl8gFv5I9NWYQGqqxMzh-U9mdMfe2WTYjyF_rOiIbwE20TqpOtGOsdn6wA4klbSSeSQzxLmSBK3Gjul4lbblHsxJltEEgmjtW2dqJdoG0tqmrgcmoN8-GbR5r81o0tog8n5UXdyWaznJhCgXrpoOeExgx_dDhVtC1N4xryNPb-ZmarY-rOktc5Mezw7-XJbsGdvPAJUHo-3PYAqWtzi8ixVxwFcSTYwLG4tYk8iplQPSdmLQQvnZOL8LQRWKkWFhlDBrBs9MKR9BBiClA7h-445OukBb91JDVQekcTteruY4ufR_LZWKhqv61YNd0lzWxYfrle1y6HIXDB9ThHsVa51Dk4ZolFviac7PS3HBzldjc5uMooy2jXDavt7B6Rd8q5QplX0Z5k-Mebwi&xkcb=SoBD-_M3T9ZKQNxTnJ0JbzkdCdPP&p=10&fvj=0&vjs=3,Swipejobs," 
 Benefits include medical insurance, dental insurance, vision insurance and life insurance.
 Unload materials and merchandise from incoming vehicles and load them…
","Perris, CA 92571
+4 locations","Posted
Today",2.8
US,ForkLift Operator,California,Forklift Driver,https://www.indeed.com/rc/clk?jk=cddbafeec6e36eb8&fccid=363830ce2768daaa&vjs=3,"Forest River, Inc.","Forest River, Inc., the Nation's largest manufacturer of Recreational Vehicles, Cargo Trailers, Transit Buses and Boats has an immediate opening.…","Rialto, CA 92376","Posted
Posted 21 days ago",3.2
US,ForkLift Operator,California,Lead Blending Operator,https://www.indeed.com/pagead/clk?mo=r&ad=-6NYlbfkN0DISRrURQoVQKDbjN2Rrc8ILyXUBZZ5qa5qO0A21oN-fz7dVp_E2X-QfInHrhLbYNiibUdfzvNJk7wt-Vi4MJWJt0llv9001GHuaATQa0-MjXh7MHIxKwxmtQAhIgHuGNhFVuvaGSuqiOwh-YEHC_uJprBpdZOVkSxRyychtA8N7X05f3H3j2cOzJYLU5fJ_jkoktZEVHpRmbccXvpUlfw7efHl8r55ed9eTWwS0kULSljK-OmwJpG6lfuE8c7GE2cdst7830OF_x7lVBJG1Jzs6GXe720VLmeAYEhYtnDHGznits1u1oP90G5pE9g3kzHg0jKHc8iYRuVJI6h5HJyw2Msv8li2nbtUPw8Jvr4ZOEfMixCTX5fPa8slV4TwYdRU81iZeoVgVg1igzdBd0YAIA5N9vK4WpCFmN3OwZAzhoRTGUi5QEZ2FzPBz5GfSp9uWD2H-7T0R-lxdrj2n0UAwfCuTi5uJ3qG8Plbbn8YJ9t1w_m5bp8AMfWuBYNHduygAhtVG2dD_DtHOIpM6DOS&xkcb=SoB5-_M3T9ZKQNxTnJ0PbzkdCdPP&p=12&fvj=1&vjs=3,The Olive Oil Factory," 
 Basic understanding of gums, colloids, reagents, thickening agents.
 Must be able to stand 8 hours (with breaks).
 Adhere to all safety policies and procedures.
","Fairfield, CA 94533","Employer
Active 3 days ago",
US,ForkLift Operator,California,Forklift Operator (Gatorade) - Rotating Shifts,https://www.indeed.com/rc/clk?jk=5bb523c078be7c61&fccid=2973259ddc967948&vjs=3,PepsiCo Beverages North America," 
 Must be able to obtain a valid Forklift driver license* Job may require overtime, which could include more than 40 hours per week, 7 days a week and up to 12…
","Oakland, CA 94621 
(Fitchburg area)","Posted
Posted 30+ days ago",3.8
US,ForkLift Operator,California,Forklift Operator 2,https://www.indeed.com/rc/clk?jk=07796cfc102863e4&fccid=e07881bf4a256a88&vjs=3,Trinchero Family Estates," 
 Long and irregular hours during peak periods or on various shifts.
 Standing for long periods of time (8 hours per day).
 Receive dry goods in SAP.
","Lodi, CA 95242","Posted
Today",3.5
